{
  "general": {
  	"logo": {
  		"src": "logo.png",
  		"alt": "мои тренды"
  	},
  	"logoBig": {
  		"src": "logo--big.png",
  		"alt": "мои тренды"
  	},
  	"name": "ООО “МОИ ТЕНДЕРЫ”",
  	"phone": {
  		"link": "tel:+74955057984",
  		"textFull": "+7 (495) 505-79-84",
  		"text": {
  			"start": "+7 (495)",
  			"end": "505-79-84"
  		}
  	},
  	"mail": {
  		"link": "mailto:tender@bpoconsult.ru",
  		"text": "tender@bpoconsult.ru",
      "icon": "mail"
  	},
  	"graphic": "c 9:00 до 19:00 ежедневно"
  },
  "mobile": {
    "logo": "logo--mobile.png",
    "address": [
      {
        "text": "123610, Москва"
      },
      {
        "text": "Пресненская наб. д.12"
      },
      {
        "text": "ММДЦ «Москва-Сити»"
      },
      {
        "text": "БЦ «Башня Федерация-Восток»"
      }
    ],
    "subtitle": "Тендерная и юридическая помощь в подготовке и участии в тендерах.",
    "btn": [
      {
        "link": "#selection",
        "textStart": "ЗАКАЗАТЬ БЕСПЛАТНУЮ",
        "textEnd": "ПОДБОРКУ ТЕНДЕРОВ"
      },
      {
        "link": "#top-form",
        "textStart": "ЗАКАЗАТЬ",
        "textEnd": "ПРАЙС-ЛИСТ"
      },
      {
        "link": "#consult",
        "textStart": "ЗАКАЗАТЬ",
        "textEnd": "ОБРАТНЫЙ ЗВОНОК"
      }
    ],
    "phone": "Позвонить",
    "link": "ПЕРЕЙТИ НА САЙТ"
  },
  "header": {
    "burger": "burger",
    "menu": "меню"
  },
  "topBanner": {
  	"title": {
  		"start": "КОМПЛЕКСНОЕ",
  		"end": "ТЕНДЕРНОЕ СОПРОВОЖДЕНИЕ"
  	},
  	"btn": {
  		"text": "Заказать",
  		"link": "#selection"
  	}
  },
  "topForm": {
    "title": "ОТПРАВЬТЕ ЗАЯВКУ, ЧТОБЫ ПОЛУЧИТЬ ПОЛНЫЙ ПРАЙС-ЛИСТ",
    "form": [
      {
        "name": "name",
        "id": "name",
        "label": "Введите ваше имя",
        "type": "text"
      },
      {
        "name": "email",
        "id": "email",
        "label": "Введите e-mail",
        "type": "email"
      }
    ],
    "btn": "ПОЛУЧИТЬ",
    "formAction": "app/mail/sendpricelist.php"
  },
  "advantage": {
    "list": [
      {
        "img": "advantage/3.png",
        "alt": "Advantage 3",
        "red": "Более 1 млрд. руб. ",
        "text": "сумма ежемесячно анализируемых тендеров"
      },
      {
        "img": "advantage/4.png",
        "alt": "Advantage 4",
        "red": "низкая стоимость ",
        "text": "наших услуг в сфере тендерного сопровождения"
      }
    ]
  },
  "package": {
    "title": [
      {
        "text": "ДЛЯ ВАШЕГО УДОБСТВА"
      },
      {
        "text": "МЫ СФОРМИРОВАЛИ УДОБНЫЕ"
      },
      {
        "text": "ПАКЕТЫ УСЛУГ"
      }
    ],
    "package": "пакет",
    "btn": "заказать",
    "cost": {
      "before": "от",
      "after": "руб."
    },
    "list": [
      {
        "name": "СТАРТ",
        "cost": "13 500",
        "text": [
          {
            "p": "Оформление ЭЦП для участия в торгах"
          },
          {
            "p": "Аккредитация на 5 федеральных ЭТП"
          }
        ]
      },
      {
        "name": "СТАНДАРТ",
        "cost": "27 000",
        "text": [
          {
            "p": "Удаленная настройка рабочего места (при необходимости)"
          },
          {
            "p": "Подача 3 аукционов или 1 конкурса"
          },
          {
            "p": "Юридическое сопровождение при подготовке заявок"
          },
          {
            "p": "Отбор и анализ закупок по индивидуальным требованиям. Рассылка осуществляется два раза в неделю"
          },
          {
            "p": "Подготовка сведений о технических характеристиках товара - форма 2 (до 5 позиций) входит в стоимость Комиссия от 0,1% до 1% (зависит от суммы заключенного контракта)"
          }
        ]
      },
      {
        "name": "ПРЕМИУМ",
        "cost": "81 000",
        "text": [
          {
            "p": "Удаленная настройка рабочего места (при необходимости)"
          },
          {
            "p": "Подача 9 аукционов или 3 конкурсов"
          },
          {
            "p": "Юридическое сопровождение при подготовке заявок"
          },
          {
            "p": "Отбор и анализ закупок по индивидуальным требованиям. Рассылка осуществляется два раза в неделю"
          },
          {
            "p": "Подготовка сведений о технических характеристиках товара - форма 2 (до 5 позиций) входит в стоимость "
          },
          {
            "p": "Персональный менеджер"
          },
          {
            "p": "Комиссия от 0,1% до 1% (зависит от суммы заключенного контракта)"
          }
        ]
      }
    ]
  },
  "selection": {
    "pretitle": "бесплатная",
    "title": "ПОДБОРКА ТЕНДЕРОВ",
    "subtitle": "ВЫ МОЖЕТЕ ПОЛУЧИТЬ ПОЛНУЮ ПОДБОРКУ ТЕНДЕРОВ НА ИНТЕРЕСУЮЩУЮ ВАС ТЕМУ",
    "text": "Мы предоставляем подборку тендеров по выбранной вами тематике бесплатно. Мы будем рады вам помочь!",
    "call": "Позвоните по телефону",
    "fill": "Или заполните анкету",
    "btn": {
      "start": "Получить бесплатную",
      "end": "подборку тендеров"
    },
    "formAction": "app/mail/sendselection.php",
    "form": [
      {
        "name": "text",
        "id": "company",
        "label": "Введите название компании",
        "type": "text",
        "data": "text"
      },
      {
        "name": "num",
        "id": "inn",
        "label": "Введите ИНН",
        "type": "text",
        "data": "num"
      },
      {
        "name": "email",
        "id": "email2",
        "label": "Введите E-mail",
        "type": "email",
        "data": "email"
      },
      {
        "name": "phone",
        "id": "phone",
        "label": "Введите номер телефона*",
        "type": "phone",
        "data": "phone"
      },
      {
        "name": "text2",
        "id": "theme",
        "label": "Тематика тендера",
        "type": "text",
        "data": "text"
      }
    ]
  },
  "services": {
    "order": "заказать",
    "descr": [
      {
        "name": "Оформление ЭЦП для участия в торгах",
        "text": "Описание 1 предназначенной для идентификации лица, подписавшего электронный документ. Является полноценной заменой собственноручной подписи в случаях, предусмотренных законом. Используется для участия во всех формах электронных торгов на 5 Федеральных электронно-торговых площадках. В комплект входит – Рутокен и Крипто — программное обеспечение"
      },
      {
        "name": "Аккредитация на 5 федеральных площадках",
        "text": "Описание 2 предназначенной для идентификации лица, подписавшего электронный документ. Является полноценной заменой собственноручной подписи в случаях, предусмотренных законом. Используется для участия во всех формах электронных торгов на 5 Федеральных электронно-торговых площадках. В комплект входит – Рутокен и Крипто — программное обеспечение"
      },
      {
        "name": "Мониторинг тендеров, в течение 1 месяца",
        "text": "Описание 3 предназначенной для идентификации лица, подписавшего электронный документ. Является полноценной заменой собственноручной подписи в случаях, предусмотренных законом. Используется для участия во всех формах электронных торгов на 5 Федеральных электронно-торговых площадках. В комплект входит – Рутокен и Крипто — программное обеспечение"
      },
      {
        "name": "Подготовка заявки и участие в аукционе",
        "text": "Описание 4 предназначенной для идентификации лица, подписавшего электронный документ. Является полноценной заменой собственноручной подписи в случаях, предусмотренных законом. Используется для участия во всех формах электронных торгов на 5 Федеральных электронно-торговых площадках. В комплект входит – Рутокен и Крипто — программное обеспечение"
      },
      {
        "name": "Подготовка сведений о материалах (форма 2)",
        "text": "Описание 5 предназначенной для идентификации лица, подписавшего электронный документ. Является полноценной заменой собственноручной подписи в случаях, предусмотренных законом. Используется для участия во всех формах электронных торгов на 5 Федеральных электронно-торговых площадках. В комплект входит – Рутокен и Крипто — программное обеспечение"
      },
      {
        "name": "ПОДГОТОВКА И ПОДАЧА ЖАЛОБ В ФАС",
        "text": "Оформление электронной цифровой подписи, предназначенной для идентификации лица, подписавшего электронный документ. Является полноценной заменой собственноручной подписи в случаях, предусмотренных законом. Используется для участия во всех формах электронных торгов на 5 Федеральных электронно-торговых площадках. В комплект входит – Рутокен и Крипто — программное обеспечение"
      }
    ]
  },
  "preparation": {
    "title": [
      {
        "text": "правильно подготовить"
      },
      {
        "text": "тендер - просто!"
      }
    ],
    "subtitle": [
      {
        "text": "ПОЛНОЕ ТЕНДЕРНОЕ"
      },
      {
        "text": "СОПРОВОЖДЕНИЕ"
      }
    ],
    "list": [
      {
        "num": "1.",
        "name": "Заключение договора",
        "text": "Заключение договора на оказание услуг"
      },
      {
        "num": "2.",
        "name": "ПОЛУЧЕНИЕ ЭЦП",
        "text": "Помощь в получении электронно-цифровой подписи для участия в тендерах"
      },
      {
        "num": "3.",
        "name": "Аккредитация на площадках",
        "text": "Помощь в получении доступа для участия на 5 федеральных площадках: Сбербанк, ЕЭТП, B2B, РТС-тендер, ОТС-тендер"
      },
      {
        "num": "6.",
        "name": "ПОЛУЧЕНИЕ БГ НА ОБЕСПЕЧЕНИЕ ЗАЯВКИ",
        "text": "Помощь в получении банковской  гарантии. От 1 до 5-ти рабочих дней"
      },
      {
        "num": "5.",
        "name": "ПОДГОТОВКА ДОКУМЕНТОВ ДЛЯ УЧАСТИЯ",
        "text": "Подготовка пакета документов, в соответствии с требованиями конкурсной документации"
      },
      {
        "num": "4.",
        "name": "ПОДБОР ТЕНДЕРОВ",
        "text": "Подбор тендеров в соответствии с вашим видом деятельности через поисковые системы тендеров и закупок России"
      },
      {
        "num": "7.",
        "name": "ПОДГОТОВКА заявки на конкурс",
        "text": "Подготовка заявки в соотвествии с конкурсной документацией по требованиям заказчика"
      },
      {
        "num": "8.",
        "name": "УЧАСТИЕ В ТОРГАХ",
        "text": "Осуществление участия в торгах. Подача ценовых предложений. Информирование результатов торгов"
      },
      {
        "num": "9.",
        "name": "ПОМОЩЬ В ПОДПИСАНИИ КОНТРАКТА",
        "text": "Контроль сроков и своевременное подписание контрактов"
      },
      {
        "num": "11.",
        "name": "ПОЛУЧЕНИЕ БГ НА ИСПОЛНЕНИЕ КОНТРАКТА",
        "text": "Получение банковской гарантии на исполнение контракта"
      },
      {
        "num": "10.",
        "name": "ПОДГОТОВКА ЖАЛОБ В ФАС",
        "text": "Подготовка и подача жалоб в ФАС."
      }
    ],
    "btn": "Отправить заявку",
    "form": [
      {
        "name": "name",
        "id": "name2",
        "label": "Введите ваше имя",
        "type": "text"
      },
      {
        "name": "phone",
        "id": "phone2",
        "label": "Введите номер телефона*",
        "type": "phone"
      }
    ],
    "formAction": "app/mail/sendphone.php",
    "formTitle": "ЗАКАЗАТЬ ЗВОНОК",
    "formSubtitle": "И ОБЪЯСНИТЬ ЗАДАЧУ ПО ТЕЛЕФОНУ"
  },
  "client": {
    "title": {
      "start": "НАШИ",
      "end": "КЛИЕНТЫ"
    },
    "list": [
      {
        "src": "client/1.png",
        "alt": "Client 1"
      },
      {
        "src": "client/2.png",
        "alt": "Client 2"
      },
      {
        "src": "client/3.png",
        "alt": "Client 3"
      },
      {
        "src": "client/4.png",
        "alt": "Client 4"
      },
      {
        "src": "client/5.png",
        "alt": "Client 5"
      },
      {
        "src": "client/6.png",
        "alt": "Client 6"
      },
      {
        "src": "client/7.png",
        "alt": "Client 7"
      },
      {
        "src": "client/8.png",
        "alt": "Client 8"
      },
      {
        "src": "client/9.png",
        "alt": "Client 9"
      },
      {
        "src": "client/10.jpg",
        "alt": "Client 10"
      },
      {
        "src": "client/11.png",
        "alt": "Client 11"
      },
      {
        "src": "client/12.png",
        "alt": "Client 12"
      },
      {
        "src": "client/13.png",
        "alt": "Client 13"
      },
      {
        "src": "client/14.jpg",
        "alt": "Client 14"
      }
    ]
  },
  "reviews": {
    "title": {
      "start": "БЛАГОДАРНОСТИ",
      "end": "И ОТЗЫВЫ"
    },
    "list": [
      {
        "src": "reviews/1.jpg",
        "alt": "Reviews 1",
        "text": "Благодарственное письмо от ФГУ ДЕП 22"
      },
      {
        "src": "reviews/2.jpg",
        "alt": "Reviews 2",
        "text": "Благодарственное письмо от группы компаний “БАЗИС”"
      },
      {
        "src": "reviews/3.jpg",
        "alt": "Reviews 3",
        "text": "Благодарственное письмо от группы компаний “АИ ВИДЕО”"
      },
      {
        "src": "reviews/4.jpg",
        "alt": "Reviews 4",
        "text": "Благодарственное письмо от ЗАО “РТС ТЕНДЕР”"
      }
    ]
  },
  "consult": {
    "pretitle": "ОБРАТНАЯ СВЯЗЬ",
    "title": "БЕСПЛАТНАЯ КОНСУЛЬТАЦИЯ",
    "address": "123610, Москва,  пресненская наб. д.12 ММДЦ «Москва-Сити»,  БЦ «Башня федерации»",
    "textarea": {
      "id": "message",
      "label": "Опишите проблему",
      "name": "text"
    },
    "form": [
      {
        "name": "name",
        "id": "name3",
        "label": "Укажите ваше имя*",
        "type": "text"
      },
      {
        "name": "phone",
        "id": "phone3",
        "label": "Введите номер телефона*",
        "type": "phone"
      }
    ],
    "formAction": "app/mail/sendconsult.php",
    "btn": "ЗАДАТЬ ВОПРОС"
  },
  "footer": {
    "address": {
      "start": "Пресненская наб. д.12"
    }
  },
  "order": {
    "subtitle": "ФОРМА ЗАКАЗА",
    "title": "ЗАКАЗАТЬ УСЛУГУ",
    "form": [
      {
        "name": "name",
        "id": "name4",
        "label": "Укажите ваше имя",
        "type": "text"
      },
      {
        "name": "email",
        "id": "email3",
        "label": "Укажите Email",
        "type": "email"
      },
      {
        "name": "phone",
        "id": "phone4",
        "label": "Введите номер телефона*",
        "type": "phone"
      }
    ],
    "formAction": "app/mail/sendorder.php",
    "btn": "ОТПРАВИТЬ ЗАПРОС"
  }
}